{"generator > init and 5000 next > congruential32":{"hz":25860.485454809193,"median":0.03748499999994692},"generator > init and 5000 next > mersenne":{"hz":17456.4367411766,"median":0.05293000000006032},"generator > init and 5000 next > xoroshiro128plus":{"hz":22519.996531919718,"median":0.041388000000097236},"generator > init and 5000 next > xorshift128plus":{"hz":12872.049240937447,"median":0.07381699999996272},"generator > 5000 next > congruential32":{"hz":25771.50219766126,"median":0.03781100000014703},"generator > 5000 next > mersenne":{"hz":18068.49811030029,"median":0.05309499999975742},"generator > 5000 next > xoroshiro128plus":{"hz":20491.523490111573,"median":0.04720999999972264},"generator > 5000 next > xorshift128plus":{"hz":12602.706080167,"median":0.07661499999994703},"generator > congruential32 > init":{"hz":10135681.85123494,"median":0.00009099999988393392},"generator > congruential32 > next":{"hz":9962454.904105596,"median":0.00009200000022246968},"generator > congruential32 > jump":{"hz":10010960.03785339,"median":0.00009300000056100544},"generator > mersenne > init":{"hz":129377.61754356309,"median":0.006947000001673587},"generator > mersenne > next":{"hz":9224242.560959216,"median":0.00010000000111176632},"generator > mersenne > jump":{"hz":39.64532051405035,"median":25.05682500000148},"generator > xoroshiro128plus > init":{"hz":8375072.2006007135,"median":0.00010600000314298086},"generator > xoroshiro128plus > next":{"hz":9315009.441153193,"median":0.00009900000077323057},"generator > xoroshiro128plus > jump":{"hz":1444988.4769796005,"median":0.0006639999992330559},"generator > xorshift128plus > init":{"hz":8011178.461846219,"median":0.00011000000085914508},"generator > xorshift128plus > next":{"hz":8545267.541945929,"median":0.00010299999848939478},"generator > xorshift128plus > jump":{"hz":1047181.7863739441,"median":0.0008919999963836744}}