{"generator > init and 5000 next > congruential32":{"hz":25924.980889001243,"median":0.03749700000003031},"generator > init and 5000 next > mersenne":{"hz":17017.92745468663,"median":0.053817000000094595},"generator > init and 5000 next > xoroshiro128plus":{"hz":21989.306457274837,"median":0.04143700000008721},"generator > init and 5000 next > xorshift128plus":{"hz":12818.389189940508,"median":0.07385999999996784},"generator > 5000 next > congruential32":{"hz":25807.120080240074,"median":0.03781699999990451},"generator > 5000 next > mersenne":{"hz":17935.891954187075,"median":0.05308599999989383},"generator > 5000 next > xoroshiro128plus":{"hz":20147.399365727604,"median":0.04721299999982875},"generator > 5000 next > xorshift128plus":{"hz":12310.346745051995,"median":0.07666700000027049},"generator > congruential32 > init":{"hz":10046743.417325052,"median":0.00009099999988393392},"generator > congruential32 > next":{"hz":9950132.587055827,"median":0.00009300000056100544},"generator > congruential32 > jump":{"hz":10309419.31960326,"median":0.00008900000102585182},"generator > mersenne > init":{"hz":110229.28527338112,"median":0.007856999996874947},"generator > mersenne > next":{"hz":9142739.853661697,"median":0.00010000000111176632},"generator > mersenne > jump":{"hz":39.52520989823135,"median":25.05691449999904},"generator > xoroshiro128plus > init":{"hz":7620099.497085516,"median":0.00011399999857530929},"generator > xoroshiro128plus > next":{"hz":9770901.257502181,"median":0.00009499999941908754},"generator > xoroshiro128plus > jump":{"hz":1418451.1971570523,"median":0.0006659999999101274},"generator > xorshift128plus > init":{"hz":7962596.518956662,"median":0.00011100000119768083},"generator > xorshift128plus > next":{"hz":8993928.97460079,"median":0.00010200000542681664},"generator > xorshift128plus > jump":{"hz":1070947.1513546002,"median":0.0008850000012898818}}