{"generator > init and 5000 next > congruential32":{"hz":25764.996917140244,"median":0.037496000000032836},"generator > init and 5000 next > mersenne":{"hz":17418.52426778675,"median":0.052976999999941654},"generator > init and 5000 next > xoroshiro128plus":{"hz":22992.276728857923,"median":0.041382000000112384},"generator > init and 5000 next > xorshift128plus":{"hz":12929.587158281765,"median":0.0738059999998768},"generator > 5000 next > congruential32":{"hz":25366.92180435701,"median":0.03781200000003082},"generator > 5000 next > mersenne":{"hz":17980.629156832998,"median":0.05308599999989383},"generator > 5000 next > xoroshiro128plus":{"hz":20269.858110995538,"median":0.047203999999510415},"generator > 5000 next > xorshift128plus":{"hz":12097.730801294445,"median":0.07661499999994703},"generator > congruential32 > init":{"hz":9850455.862085257,"median":0.00009399999999004649},"generator > congruential32 > next":{"hz":10487216.385020666,"median":0.00008399999933317304},"generator > congruential32 > jump":{"hz":10261258.481384598,"median":0.00008999999954539817},"generator > mersenne > init":{"hz":128716.02935765577,"median":0.006869000000733649},"generator > mersenne > next":{"hz":9539619.389530854,"median":0.0000959999997576233},"generator > mersenne > jump":{"hz":39.491802893804774,"median":24.915584999998828},"generator > xoroshiro128plus > init":{"hz":8099249.335750012,"median":0.00011000000085914508},"generator > xoroshiro128plus > next":{"hz":9628304.363253416,"median":0.00009700000009615906},"generator > xoroshiro128plus > jump":{"hz":1439334.2641524142,"median":0.0006599999978789128},"generator > xorshift128plus > init":{"hz":7868168.866956965,"median":0.000115999995614402},"generator > xorshift128plus > next":{"hz":9114823.179531937,"median":0.00010199999815085903},"generator > xorshift128plus > jump":{"hz":1074430.1326430182,"median":0.0008850000012898818}}