{"generator > init and 5000 next > congruential32":{"hz":25659.0008898235,"median":0.037492000000042935},"generator > init and 5000 next > mersenne":{"hz":17230.664795784964,"median":0.05390449999993052},"generator > init and 5000 next > xoroshiro128plus":{"hz":22440.77531712786,"median":0.04140200000006189},"generator > init and 5000 next > xorshift128plus":{"hz":12609.834508531703,"median":0.07426000000032218},"generator > 5000 next > congruential32":{"hz":25727.695692813715,"median":0.03781699999990451},"generator > 5000 next > mersenne":{"hz":18102.151697903126,"median":0.053092000000106054},"generator > 5000 next > xoroshiro128plus":{"hz":20363.761581080707,"median":0.04721499999959633},"generator > 5000 next > xorshift128plus":{"hz":12541.360842086498,"median":0.07661499999994703},"generator > congruential32 > init":{"hz":10483450.55328816,"median":0.00008900000011635711},"generator > congruential32 > next":{"hz":10851140.719559396,"median":0.00008399999933317304},"generator > congruential32 > jump":{"hz":9902446.871136598,"median":0.00009299999874201603},"generator > mersenne > init":{"hz":114928.95875005894,"median":0.007719999997789273},"generator > mersenne > next":{"hz":9804098.666526496,"median":0.00009399999908055179},"generator > mersenne > jump":{"hz":39.218842084003064,"median":25.437495500000296},"generator > xoroshiro128plus > init":{"hz":7791029.267655642,"median":0.00011299999823677354},"generator > xoroshiro128plus > next":{"hz":10174950.677206807,"median":0.00009299999874201603},"generator > xoroshiro128plus > jump":{"hz":1456247.0167273155,"median":0.0006560000038007274},"generator > xorshift128plus > init":{"hz":7990227.057366134,"median":0.00011299999459879473},"generator > xorshift128plus > next":{"hz":9403046.74005658,"median":0.00009900000441120937},"generator > xorshift128plus > jump":{"hz":1053299.833576792,"median":0.0008879999950295314}}