{"generator > init and 5000 next > congruential32":{"hz":26207.469036677223,"median":0.03746799999998984},"generator > init and 5000 next > mersenne":{"hz":17583.791561734903,"median":0.05370749999997315},"generator > init and 5000 next > xoroshiro128plus":{"hz":23249.370965019058,"median":0.041388000000097236},"generator > init and 5000 next > xorshift128plus":{"hz":12922.73876654179,"median":0.07385800000020026},"generator > 5000 next > congruential32":{"hz":24921.909832531524,"median":0.03785100000004604},"generator > 5000 next > mersenne":{"hz":17987.597365620717,"median":0.05309900000020207},"generator > 5000 next > xoroshiro128plus":{"hz":20315.124214994084,"median":0.0472170000002734},"generator > 5000 next > xorshift128plus":{"hz":12497.919071478782,"median":0.07662600000003295},"generator > congruential32 > init":{"hz":10224395.631929183,"median":0.00008799999977782136},"generator > congruential32 > next":{"hz":9922312.154428558,"median":0.00009000000136438757},"generator > congruential32 > jump":{"hz":9663812.647038948,"median":0.00009899999895424116},"generator > mersenne > init":{"hz":111273.37308561595,"median":0.007892000001447741},"generator > mersenne > next":{"hz":9645603.787771309,"median":0.0000959999997576233},"generator > mersenne > jump":{"hz":39.85450499193328,"median":24.933868500000244},"generator > xoroshiro128plus > init":{"hz":7389418.655105779,"median":0.00011500000255182385},"generator > xoroshiro128plus > next":{"hz":9547396.720613534,"median":0.00009899999713525176},"generator > xoroshiro128plus > jump":{"hz":1414500.4525515216,"median":0.0006680000005871989},"generator > xorshift128plus > init":{"hz":7126112.90256362,"median":0.00011300000187475234},"generator > xorshift128plus > next":{"hz":8873995.769284684,"median":0.00010299999848939478},"generator > xorshift128plus > jump":{"hz":1054173.8819342034,"median":0.0008789999992586672}}