{"generator > init and 5000 next > congruential32":{"hz":25680.580377516835,"median":0.03749999999990905},"generator > init and 5000 next > mersenne":{"hz":17364.35837355952,"median":0.053699000000051456},"generator > init and 5000 next > xoroshiro128plus":{"hz":22804.1789950899,"median":0.04140599999982442},"generator > init and 5000 next > xorshift128plus":{"hz":12790.836008341777,"median":0.07387100000005375},"generator > 5000 next > congruential32":{"hz":25300.60209113473,"median":0.03784399999995003},"generator > 5000 next > mersenne":{"hz":17717.04111829946,"median":0.05310899999994945},"generator > 5000 next > xoroshiro128plus":{"hz":19970.12049213925,"median":0.047225999999682244},"generator > 5000 next > xorshift128plus":{"hz":12248.072667781584,"median":0.07672199999979057},"generator > congruential32 > init":{"hz":10731628.261478405,"median":0.00008200000047509093},"generator > congruential32 > next":{"hz":10961707.588462835,"median":0.00008200000047509093},"generator > congruential32 > jump":{"hz":10573818.858047718,"median":0.00008499999967170879},"generator > mersenne > init":{"hz":107001.06866283773,"median":0.007784000001265667},"generator > mersenne > next":{"hz":8738372.933969196,"median":0.00010400000246590935},"generator > mersenne > jump":{"hz":38.318961343861034,"median":25.630489499999385},"generator > xoroshiro128plus > init":{"hz":7820138.733133341,"median":0.00010800000018207356},"generator > xoroshiro128plus > next":{"hz":9446411.452232422,"median":0.00009499999941908754},"generator > xoroshiro128plus > jump":{"hz":1397320.5719377701,"median":0.0006630000061704777},"generator > xorshift128plus > init":{"hz":8222962.536353935,"median":0.00010800000018207356},"generator > xorshift128plus > next":{"hz":9043797.059355821,"median":0.00010199999815085903},"generator > xorshift128plus > jump":{"hz":1073246.347199082,"median":0.0008860000016284175}}