{"generator > init and 5000 next > congruential32":{"hz":25845.575822409475,"median":0.0374939999999242},"generator > init and 5000 next > mersenne":{"hz":17224.29868712107,"median":0.053794000000152664},"generator > init and 5000 next > xoroshiro128plus":{"hz":22645.14654971723,"median":0.041399999999839565},"generator > init and 5000 next > xorshift128plus":{"hz":14211.0284488287,"median":0.06502799999998388},"generator > 5000 next > congruential32":{"hz":25622.30241997518,"median":0.037800999999944906},"generator > 5000 next > mersenne":{"hz":17314.24121937773,"median":0.053131000000121276},"generator > 5000 next > xoroshiro128plus":{"hz":19731.456635145703,"median":0.04724100000021281},"generator > 5000 next > xorshift128plus":{"hz":13357.185745957062,"median":0.07077800000024581},"generator > congruential32 > init":{"hz":10167090.243336838,"median":0.00008999999954539817},"generator > congruential32 > next":{"hz":10721059.849854643,"median":0.00008800000068731606},"generator > congruential32 > jump":{"hz":10491342.552117903,"median":0.00008799999704933725},"generator > mersenne > init":{"hz":117109.83464074844,"median":0.007691999999224208},"generator > mersenne > next":{"hz":9719023.125315271,"median":0.0000959999997576233},"generator > mersenne > jump":{"hz":39.84397950287786,"median":24.782868000000235},"generator > xoroshiro128plus > init":{"hz":8156437.575902906,"median":0.00011000000085914508},"generator > xoroshiro128plus > next":{"hz":9819496.527102457,"median":0.00009499999941908754},"generator > xoroshiro128plus > jump":{"hz":1441416.569996699,"median":0.0006629999988945201},"generator > xorshift128plus > init":{"hz":8220696.372280274,"median":0.00010900000052060932},"generator > xorshift128plus > next":{"hz":9120225.890594944,"median":0.00009999999747378752},"generator > xorshift128plus > jump":{"hz":869605.0242999219,"median":0.0010800000018207356}}