{"generator > init and 5000 next > congruential32":{"hz":25902.942072039885,"median":0.03748899999993682},"generator > init and 5000 next > mersenne":{"hz":17304.389335338747,"median":0.05390399999987494},"generator > init and 5000 next > xoroshiro128plus":{"hz":22668.324221462695,"median":0.04143900000008216},"generator > init and 5000 next > xorshift128plus":{"hz":14607.429842798329,"median":0.06501900000012029},"generator > 5000 next > congruential32":{"hz":25592.105877060458,"median":0.037819000000126834},"generator > 5000 next > mersenne":{"hz":17731.27039368627,"median":0.05312400000002526},"generator > 5000 next > xoroshiro128plus":{"hz":20059.179579553263,"median":0.047237000000677654},"generator > 5000 next > xorshift128plus":{"hz":13309.668882058639,"median":0.07082300000001851},"generator > congruential32 > init":{"hz":10345586.882677142,"median":0.00009000000045489287},"generator > congruential32 > next":{"hz":11006455.141465098,"median":0.00008100000013655517},"generator > congruential32 > jump":{"hz":10995623.098295478,"median":0.00007999999979801942},"generator > mersenne > init":{"hz":123404.17911373306,"median":0.0070010000017646234},"generator > mersenne > next":{"hz":9731595.961121328,"median":0.0000959999997576233},"generator > mersenne > jump":{"hz":39.88984172889606,"median":24.774008499998672},"generator > xoroshiro128plus > init":{"hz":8509480.655488413,"median":0.00010599999950500205},"generator > xoroshiro128plus > next":{"hz":9761221.740246987,"median":0.0000959999997576233},"generator > xoroshiro128plus > jump":{"hz":1392725.9916372977,"median":0.0006600000051548705},"generator > xorshift128plus > init":{"hz":8606503.466451084,"median":0.00010299999848939478},"generator > xorshift128plus > next":{"hz":9444530.847577596,"median":0.00009700000373413786},"generator > xorshift128plus > jump":{"hz":878927.8365178322,"median":0.0010820000024978071}}