{"generator > init and 5000 next > congruential32":{"hz":25855.863739598117,"median":0.037494000000037886},"generator > init and 5000 next > mersenne":{"hz":16962.66805737877,"median":0.053676000000109525},"generator > init and 5000 next > xoroshiro128plus":{"hz":21998.72856148434,"median":0.04139800000029936},"generator > init and 5000 next > xorshift128plus":{"hz":14586.599103022685,"median":0.0650140000002466},"generator > 5000 next > congruential32":{"hz":25841.31205259081,"median":0.037815000000136934},"generator > 5000 next > mersenne":{"hz":17510.78867368303,"median":0.053094000000101005},"generator > 5000 next > xoroshiro128plus":{"hz":19088.41982243242,"median":0.04726399999981368},"generator > 5000 next > xorshift128plus":{"hz":13399.333505834898,"median":0.07076899999992747},"generator > congruential32 > init":{"hz":9763536.965052973,"median":0.00009399999999004649},"generator > congruential32 > next":{"hz":10045946.935162742,"median":0.00009100000170292333},"generator > congruential32 > jump":{"hz":9941781.522780329,"median":0.00008999999954539817},"generator > mersenne > init":{"hz":127371.29232502801,"median":0.006949000002350658},"generator > mersenne > next":{"hz":9059575.293356646,"median":0.00010100000145030208},"generator > mersenne > jump":{"hz":39.00641091426909,"median":25.390299500000765},"generator > xoroshiro128plus > init":{"hz":7228413.089190452,"median":0.00011399999857530929},"generator > xoroshiro128plus > next":{"hz":8639883.066812351,"median":0.0001049999991664663},"generator > xoroshiro128plus > jump":{"hz":1350029.7002949258,"median":0.0006670000002486631},"generator > xorshift128plus > init":{"hz":7188973.611797387,"median":0.00010800000018207356},"generator > xorshift128plus > next":{"hz":9013042.918423204,"median":0.0001030000057653524},"generator > xorshift128plus > jump":{"hz":870766.551046883,"median":0.0010849999962374568}}