{"generator > init and 5000 next > congruential32":{"hz":25848.908470546834,"median":0.037495499999977255},"generator > init and 5000 next > mersenne":{"hz":17526.530084974802,"median":0.052947000000131084},"generator > init and 5000 next > xoroshiro128plus":{"hz":22197.076823574385,"median":0.041394999999965876},"generator > init and 5000 next > xorshift128plus":{"hz":14409.596588934057,"median":0.06505199999992328},"generator > 5000 next > congruential32":{"hz":25249.591865598126,"median":0.037849999999707507},"generator > 5000 next > mersenne":{"hz":18093.761813720175,"median":0.05308199999990393},"generator > 5000 next > xoroshiro128plus":{"hz":20354.99287566198,"median":0.04721799999970244},"generator > 5000 next > xorshift128plus":{"hz":13360.584259049157,"median":0.07077899999967485},"generator > congruential32 > init":{"hz":9919558.789793607,"median":0.00009399999999004649},"generator > congruential32 > next":{"hz":10247876.257887589,"median":0.00009099999988393392},"generator > congruential32 > jump":{"hz":9879275.328253616,"median":0.00009299999874201603},"generator > mersenne > init":{"hz":120325.98700476013,"median":0.00695600000108243},"generator > mersenne > next":{"hz":8923929.803726137,"median":0.00010299999848939478},"generator > mersenne > jump":{"hz":39.681199497266185,"median":25.076192499998797},"generator > xoroshiro128plus > init":{"hz":7930373.857162228,"median":0.00011199999789823778},"generator > xoroshiro128plus > next":{"hz":8212339.507398747,"median":0.00011300000187475234},"generator > xoroshiro128plus > jump":{"hz":1410333.8476816765,"median":0.0006659999999101274},"generator > xorshift128plus > init":{"hz":7577076.727066832,"median":0.00011000000085914508},"generator > xorshift128plus > next":{"hz":8770826.965098608,"median":0.00010500000644242391},"generator > xorshift128plus > jump":{"hz":875799.7250028587,"median":0.0010849999962374568}}