{"generator > init and 5000 next > congruential32":{"hz":25920.775139691326,"median":0.0374859999999444},"generator > init and 5000 next > mersenne":{"hz":17405.824584099748,"median":0.05370500000003631},"generator > init and 5000 next > xoroshiro128plus":{"hz":23201.815406356323,"median":0.04136800000014773},"generator > init and 5000 next > xorshift128plus":{"hz":14767.464088728246,"median":0.06496700000025157},"generator > 5000 next > congruential32":{"hz":25994.617918154945,"median":0.03780800000004092},"generator > 5000 next > mersenne":{"hz":18149.420888278677,"median":0.053073999999924126},"generator > 5000 next > xoroshiro128plus":{"hz":20380.49543030852,"median":0.04721799999970244},"generator > 5000 next > xorshift128plus":{"hz":13615.779838170798,"median":0.07073300000047311},"generator > congruential32 > init":{"hz":10567779.84770849,"median":0.00008999999954539817},"generator > congruential32 > next":{"hz":10506343.747802028,"median":0.00008800000068731606},"generator > congruential32 > jump":{"hz":9912461.008762218,"median":0.00008800000068731606},"generator > mersenne > init":{"hz":116510.83300263759,"median":0.007691999999224208},"generator > mersenne > next":{"hz":9735768.286494922,"median":0.00009499999941908754},"generator > mersenne > jump":{"hz":39.55884764285612,"median":25.027349500000128},"generator > xoroshiro128plus > init":{"hz":8228725.325188674,"median":0.00010699999984353781},"generator > xoroshiro128plus > next":{"hz":9547309.44624107,"median":0.0000959999997576233},"generator > xoroshiro128plus > jump":{"hz":1391424.731012643,"median":0.0006610000054934062},"generator > xorshift128plus > init":{"hz":5520201.249213737,"median":0.00011000000085914508},"generator > xorshift128plus > next":{"hz":9252701.907628734,"median":0.00009999999747378752},"generator > xorshift128plus > jump":{"hz":869494.4853406758,"median":0.0010729999994509853}}