{"generator > init and 5000 next > congruential32":{"hz":25827.962962701204,"median":0.03749399999998104},"generator > init and 5000 next > mersenne":{"hz":17909.84762301637,"median":0.05265699999995377},"generator > init and 5000 next > xoroshiro128plus":{"hz":23017.025275014326,"median":0.04138100000000122},"generator > init and 5000 next > xorshift128plus":{"hz":14562.293270103874,"median":0.0649329999996553},"generator > 5000 next > congruential32":{"hz":25781.002172091943,"median":0.03781600000002072},"generator > 5000 next > mersenne":{"hz":17436.908798247423,"median":0.05311600000004546},"generator > 5000 next > xoroshiro128plus":{"hz":20091.60765108512,"median":0.04722299999957613},"generator > 5000 next > xorshift128plus":{"hz":13366.656276776339,"median":0.07076499999948282},"generator > congruential32 > init":{"hz":9570639.234326528,"median":0.00009399999999004649},"generator > congruential32 > next":{"hz":10695323.379640957,"median":0.00008799999886832666},"generator > congruential32 > jump":{"hz":9977086.303917259,"median":0.00009299999874201603},"generator > mersenne > init":{"hz":129819.92652192978,"median":0.00680100000136008},"generator > mersenne > next":{"hz":9684077.399615183,"median":0.00009499999941908754},"generator > mersenne > jump":{"hz":39.721830168310994,"median":24.872866999998223},"generator > xoroshiro128plus > init":{"hz":8106507.610836306,"median":0.00011199999789823778},"generator > xoroshiro128plus > next":{"hz":9553216.29959101,"median":0.000097999996796716},"generator > xoroshiro128plus > jump":{"hz":1434184.3707544622,"median":0.0006649999995715916},"generator > xorshift128plus > init":{"hz":8131114.178694529,"median":0.00011200000153621659},"generator > xorshift128plus > next":{"hz":9201690.043286407,"median":0.00010099999781232327},"generator > xorshift128plus > jump":{"hz":849349.7808157667,"median":0.0010820000024978071}}